field_name,form_name,section_header,field_type,field_label,select_choices_or_calculations,field_note,text_validation_type_or_show_slider_number,text_validation_min,text_validation_max,identifier,branching_logic,required_field,custom_alignment,question_number,matrix_group_name,matrix_ranking,field_annotation
participant_code,participante,,text,Código do Participante (Plataforma/ISEP),,,integer,0,,,,,,,,,
resp_preench_0,participante,,text,Responsável pelo preenchimento no REDCap,,,,,,,,,,,,,@USERNAME @READONLY
data_preench_0,participante,,text,Data do preenchimento no REDCap,,,datetime_dmy,,,,,,,,,,@NOW-SERVER @READONLY
source_data_isep_platform,participante,,file,Documentos fonte ,,Download do Ficheiro ZIP realizado na plataforma do ISEP,,,,,,,,,,,
participant_code_estudo,participante,,text,Código do Participante no Estudo,,,,,,,,y,,,,,
participant_group,participante,,radio,Informação - Tipo de Participante (Grupo),"a, Residente (Grupo A) | b, Não - Residente (Grupo B) | c, Cuidador informal (Grupo C) | d, Cuidador formal (Grupo D)",,,,,,,y,,,,,
related_participant_id,participante,,sql,Código do participante do Grupo A ou B (idoso sob cuidado),SELECT value FROM redcap_data4 WHERE project_id = 19 AND field_name = 'participant_code_estudo' AND record <> [record-name],,,,,,[participant_group] = 'c',y,,,,,
info_part_code_1,caracterizacao_socioeconomica,,descriptive,"<div class=""rich-text-field-label""><p>CÓDIGO DO PARTICIPANTE: <span style=""font-weight: normal;"">[participant_code_estudo]</span></p></div>",,,,,,,,,,,,,
resp_preench_1,caracterizacao_socioeconomica,,text,Responsável pelo preenchimento no REDCap,,,,,,,,,,,,,@USERNAME @READONLY
data_preench_1,caracterizacao_socioeconomica,,text,Data do preenchimento no REDCap,,,datetime_dmy,,,,,,,,,,@NOW-SERVER @READONLY
crf1_description,caracterizacao_socioeconomica,CRF I: Caracterização socioeconómica,descriptive,"<div class=""rich-text-field-label""><p> </p> <div style=""background-color: #f0f8ff; padding: 12px; border-left: 5px solid #2a7ae2; font-size: 14px;""><strong>Instruções:</strong> <br><br>A responder em relação aos participantes de todos os grupos pelos próprios, ou no caso dos Grupos A e B, pelos cuidadores em seu nome ou com base na informação existente nos registos da instituição.</div> <p> </p></div>",,,,,,,,,,,,,
questionnaire_date,caracterizacao_socioeconomica,,text,Data de aplicação do questionário,,Formato: dd-mm-aaaa,date_dmy,,,,,,,,,,
birth_year,caracterizacao_socioeconomica,,text,Ano de nascimento,,Formato: AAAA,integer,1900,,,,,,,,,
sex,caracterizacao_socioeconomica,,radio,Sexo,"0, Feminino | 1, Masculino | 2, Prefiro não responder",,,,,,,,,,,,
birth_country,caracterizacao_socioeconomica,,radio,País de nascimento,"1, Portugal | 99, Outro",,,,,,,,,,,,
birth_municipality,caracterizacao_socioeconomica,,sql,Concelho de nascimento,"SELECT C.id_concelho, CONCAT(D.distrito,' - ',C.concelho) FROM _concelhos C
	INNER JOIN _distritos D ON D.id_distrito = C.id_distrito",,autocomplete,,,,[birth_country] = '1',,,,,,
marital_status,caracterizacao_socioeconomica,,radio,Estado Civil,"0, Solteiro(a) | 1, Casado(a)/União de facto | 2, Viúvo(a) | 3, Separado(a)/Divorciado(a)",,,,,,,,,,,,
education_level,caracterizacao_socioeconomica,,radio,Escolaridade (qualificação mais elevada completada),"0, Não frequentou o sistema de ensino | 1, 1º Ciclo completo (1º-4º anos) | 2, 2º Ciclo completo (5º-6º anos) | 3, 3º Ciclo completo (7º-9º anos) | 4, Secundário completo (10º-12º anos) | 5, Qualificação de nível pós-secundário (não superior) completa | 6, Licenciatura completa | 7, Mestrado completo | 8, Doutoramento completo | 99, Outro","Se 'Outro', especificar abaixo",,,,,,,,,,,
education_level_other,caracterizacao_socioeconomica,,text,Outro (especificar escolaridade),,,,,,,[education_level] = '99',,,,,,
questionnaire_administration,caracterizacao_socioeconomica,,radio,Forma de administração do questionário,"0, Autoadministrado | 1, Assistido pelo cuidador ou entrevistador | 2, Preenchido pelo cuidador ou administrativamente (se autorizado pelo participante)",,,,,,,,,,,,
comments_1,caracterizacao_socioeconomica,,notes,Comentários,,,,,,,,,LH,,,,
info_part_code_2,preferencias_habitos_rotinas,,descriptive,"<div class=""rich-text-field-label""><p>CÓDIGO DO PARTICIPANTE: <span style=""font-weight: normal;"">[participant_code_estudo]</span></p></div>",,,,,,,,,,,,,
resp_preench_2,preferencias_habitos_rotinas,,text,Responsável pelo preenchimento no REDCap,,,,,,,,,,,,,@USERNAME @READONLY
data_preench_2,preferencias_habitos_rotinas,,text,Data do preenchimento no REDCap,,,datetime_dmy,,,,,,,,,,@NOW-SERVER @READONLY
crf2_description,preferencias_habitos_rotinas,,descriptive,"<div class=""rich-text-field-label""><p> </p> <div style=""background-color: #f0f8ff; padding: 12px; border-left: 5px solid #2a7ae2; font-size: 14px;""><strong>Instruções:</strong> <br><br>A responder em relação aos participantes do Grupo A e do Grupo B pelos próprios, pelos cuidadores em seu nome ou com base na informação existente nos registos da instituição.</div> <p> </p></div>",,,,,,,,,,,,,
questionnaire_date_2,preferencias_habitos_rotinas,"CRF II: Preferências pessoais, hábitos e rotinas",text,Data de aplicação do questionário,,Formato: dd-mm-aaaa,date_dmy,,,,,,,,,,
painting_drawing,preferencias_habitos_rotinas,Com que frequência realiza as seguintes atividades?,radio,Pintar/desenhar,"0, Nunca | 1, Até 1 ou 2 dias por semana | 2, Mais de 2 dias por semana | 3, Mais de 4 dias por semana | 4, Mais de uma vez por dia",,,,,,,,,,activities_frequency_done,,
manual_activities,preferencias_habitos_rotinas,,radio,"Outras atividades manuais (marcenaria, crochet, tricot, costura, recortes e colagens, etc.)","0, Nunca | 1, Até 1 ou 2 dias por semana | 2, Mais de 2 dias por semana | 3, Mais de 4 dias por semana | 4, Mais de uma vez por dia",,,,,,,,,,activities_frequency_done,,
group_games,preferencias_habitos_rotinas,,radio,"Jogar cartas, dominó ou outro jogo de grupo","0, Nunca | 1, Até 1 ou 2 dias por semana | 2, Mais de 2 dias por semana | 3, Mais de 4 dias por semana | 4, Mais de uma vez por dia",,,,,,,,,,activities_frequency_done,,
solo_games,preferencias_habitos_rotinas,,radio,Jogar solitário com cartas ou outro jogo individual,"0, Nunca | 1, Até 1 ou 2 dias por semana | 2, Mais de 2 dias por semana | 3, Mais de 4 dias por semana | 4, Mais de uma vez por dia",,,,,,,,,,activities_frequency_done,,
memory_games,preferencias_habitos_rotinas,,radio,Jogo da memória com objetos físicos (por exemplo cartas),"0, Nunca | 1, Até 1 ou 2 dias por semana | 2, Mais de 2 dias por semana | 3, Mais de 4 dias por semana | 4, Mais de uma vez por dia",,,,,,,,,,activities_frequency_done,,
puzzles,preferencias_habitos_rotinas,,radio,Fazer puzzles ou quebra-cabeças com objetos físicos (por exemplo cubo de Rubik),"0, Nunca | 1, Até 1 ou 2 dias por semana | 2, Mais de 2 dias por semana | 3, Mais de 4 dias por semana | 4, Mais de uma vez por dia",,,,,,,,,,activities_frequency_done,,
handwriting,preferencias_habitos_rotinas,,radio,"Escrever à mão (diário, cartas, notas, etc.)","0, Nunca | 1, Até 1 ou 2 dias por semana | 2, Mais de 2 dias por semana | 3, Mais de 4 dias por semana | 4, Mais de uma vez por dia",,,,,,,,,,activities_frequency_done,,
reading_paper,preferencias_habitos_rotinas,,radio,Ler em papel,"0, Nunca | 1, Até 1 ou 2 dias por semana | 2, Mais de 2 dias por semana | 3, Mais de 4 dias por semana | 4, Mais de uma vez por dia",,,,,,,,,,activities_frequency_done,,
receiving_visits,preferencias_habitos_rotinas,,radio,Receber visitas de amigos/família,"0, Nunca | 1, Até 1 ou 2 dias por semana | 2, Mais de 2 dias por semana | 3, Mais de 4 dias por semana | 4, Mais de uma vez por dia",,,,,,,,,,activities_frequency_done,,
talking_neighbours,preferencias_habitos_rotinas,,radio,Conversar com vizinhos/amigos à janela/alpendre/entrada,"0, Nunca | 1, Até 1 ou 2 dias por semana | 2, Mais de 2 dias por semana | 3, Mais de 4 dias por semana | 4, Mais de uma vez por dia",,,,,,,,,,activities_frequency_done,,
talking_phone,preferencias_habitos_rotinas,,radio,Conversar ao telefone com amigos/família,"0, Nunca | 1, Até 1 ou 2 dias por semana | 2, Mais de 2 dias por semana | 3, Mais de 4 dias por semana | 4, Mais de uma vez por dia",,,,,,,,,,activities_frequency_done,,
going_out_with_friends,preferencias_habitos_rotinas,,radio,Sair com amigos/família,"0, Nunca | 1, Até 1 ou 2 dias por semana | 2, Mais de 2 dias por semana | 3, Mais de 4 dias por semana | 4, Mais de uma vez por dia",,,,,,,,,,activities_frequency_done,,
walking_outdoors,preferencias_habitos_rotinas,,radio,Caminhar ao ar livre,"0, Nunca | 1, Até 1 ou 2 dias por semana | 2, Mais de 2 dias por semana | 3, Mais de 4 dias por semana | 4, Mais de uma vez por dia",,,,,,,,,,activities_frequency_done,,
home_exercises,preferencias_habitos_rotinas,,radio,"Fazer exercícios adaptados em casa (exercícios sentados, pedaleira estática etc.)","0, Nunca | 1, Até 1 ou 2 dias por semana | 2, Mais de 2 dias por semana | 3, Mais de 4 dias por semana | 4, Mais de uma vez por dia",,,,,,,,,,activities_frequency_done,,
listening_radio,preferencias_habitos_rotinas,,radio,Ouvir rádio,"0, Nunca | 1, Até 1 ou 2 dias por semana | 2, Mais de 2 dias por semana | 3, Mais de 4 dias por semana | 4, Mais de uma vez por dia",,,,,,,,,,activities_frequency_done,,
watching_tv,preferencias_habitos_rotinas,,radio,Ver televisão,"0, Nunca | 1, Até 1 ou 2 dias por semana | 2, Mais de 2 dias por semana | 3, Mais de 4 dias por semana | 4, Mais de uma vez por dia",,,,,,,,,,activities_frequency_done,,
reading_screen,preferencias_habitos_rotinas,,radio,"Ler em ecrã (computador, telemóvel, tablet, ebook)","0, Nunca | 1, Até 1 ou 2 dias por semana | 2, Mais de 2 dias por semana | 3, Mais de 4 dias por semana | 4, Mais de uma vez por dia",,,,,,,,,,activities_frequency_done,,
typing_digital,preferencias_habitos_rotinas,,radio,"Escrever em suporte digital (computador, tablet)","0, Nunca | 1, Até 1 ou 2 dias por semana | 2, Mais de 2 dias por semana | 3, Mais de 4 dias por semana | 4, Mais de uma vez por dia",,,,,,,,,,activities_frequency_done,,
computer_games,preferencias_habitos_rotinas,,radio,Jogos de computador ou de vídeo,"0, Nunca | 1, Até 1 ou 2 dias por semana | 2, Mais de 2 dias por semana | 3, Mais de 4 dias por semana | 4, Mais de uma vez por dia",,,,,,,,,,activities_frequency_done,,
talking_online,preferencias_habitos_rotinas,,radio,Conversar online,"0, Nunca | 1, Até 1 ou 2 dias por semana | 2, Mais de 2 dias por semana | 3, Mais de 4 dias por semana | 4, Mais de uma vez por dia",,,,,,,,,,activities_frequency_done,,
social_media,preferencias_habitos_rotinas,,radio,Usar redes sociais,"0, Nunca | 1, Até 1 ou 2 dias por semana | 2, Mais de 2 dias por semana | 3, Mais de 4 dias por semana | 4, Mais de uma vez por dia",,,,,,,,,,activities_frequency_done,,
courses_studying,preferencias_habitos_rotinas,,radio,Frequentar cursos / estudar,"0, Nunca | 1, Até 1 ou 2 dias por semana | 2, Mais de 2 dias por semana | 3, Mais de 4 dias por semana | 4, Mais de uma vez por dia",,,,,,,,,,activities_frequency_done,,
volunteering,preferencias_habitos_rotinas,,radio,Fazer voluntariado,"0, Nunca | 1, Até 1 ou 2 dias por semana | 2, Mais de 2 dias por semana | 3, Mais de 4 dias por semana | 4, Mais de uma vez por dia",,,,,,,,,,activities_frequency_done,,
religious_activities,preferencias_habitos_rotinas,,radio,Frequentar atividades religiosas,"0, Nunca | 1, Até 1 ou 2 dias por semana | 2, Mais de 2 dias por semana | 3, Mais de 4 dias por semana | 4, Mais de uma vez por dia",,,,,,,,,,activities_frequency_done,,
going_gym,preferencias_habitos_rotinas,,radio,Ir ao ginásio,"0, Nunca | 1, Até 1 ou 2 dias por semana | 2, Mais de 2 dias por semana | 3, Mais de 4 dias por semana | 4, Mais de uma vez por dia",,,,,,,,,,activities_frequency_done,,
civic_activism,preferencias_habitos_rotinas,,radio,"Ativismo cidadão, político ou associativo (por exemplo associação cultural)","0, Nunca | 1, Até 1 ou 2 dias por semana | 2, Mais de 2 dias por semana | 3, Mais de 4 dias por semana | 4, Mais de uma vez por dia",,,,,,,,,,activities_frequency_done,,
leisure_other,preferencias_habitos_rotinas,,notes,Que outras atividades de lazer costuma fazer e com que frequência?,,,,,,,,,,,,,
leisure_suggestions,preferencias_habitos_rotinas,,yesno,Gostaria de receber sugestões para fazer que atividades de lazer?,,,,,,,,,,,,,
painting_drawing_2,preferencias_habitos_rotinas,,radio,Pintar/desenhar,"0, Nunca | 1, Até 1 ou 2 dias por semana | 2, Mais de 2 dias por semana | 3, Mais de 4 dias por semana | 4, Mais de uma vez por dia",,,,,,[leisure_suggestions] = 1,,,,activities_frequency_suggestions,,
manual_activities_2,preferencias_habitos_rotinas,,radio,"Outras atividades manuais (marcenaria, crochet, tricot, costura, recortes e colagens, etc.)","0, Nunca | 1, Até 1 ou 2 dias por semana | 2, Mais de 2 dias por semana | 3, Mais de 4 dias por semana | 4, Mais de uma vez por dia",,,,,,[leisure_suggestions] = 1,,,,activities_frequency_suggestions,,
group_games_2,preferencias_habitos_rotinas,,radio,"Jogar cartas, dominó ou outro jogo de grupo","0, Nunca | 1, Até 1 ou 2 dias por semana | 2, Mais de 2 dias por semana | 3, Mais de 4 dias por semana | 4, Mais de uma vez por dia",,,,,,[leisure_suggestions] = 1,,,,activities_frequency_suggestions,,
solo_games_2,preferencias_habitos_rotinas,,radio,Jogar solitário com cartas ou outro jogo individual,"0, Nunca | 1, Até 1 ou 2 dias por semana | 2, Mais de 2 dias por semana | 3, Mais de 4 dias por semana | 4, Mais de uma vez por dia",,,,,,[leisure_suggestions] = 1,,,,activities_frequency_suggestions,,
memory_games_2,preferencias_habitos_rotinas,,radio,Jogo da memória com objetos físicos (por exemplo cartas),"0, Nunca | 1, Até 1 ou 2 dias por semana | 2, Mais de 2 dias por semana | 3, Mais de 4 dias por semana | 4, Mais de uma vez por dia",,,,,,[leisure_suggestions] = 1,,,,activities_frequency_suggestions,,
puzzles_2,preferencias_habitos_rotinas,,radio,Fazer puzzles ou quebra-cabeças com objetos físicos (por exemplo cubo de Rubik),"0, Nunca | 1, Até 1 ou 2 dias por semana | 2, Mais de 2 dias por semana | 3, Mais de 4 dias por semana | 4, Mais de uma vez por dia",,,,,,[leisure_suggestions] = 1,,,,activities_frequency_suggestions,,
handwriting_2,preferencias_habitos_rotinas,,radio,"Escrever à mão (diário, cartas, notas, etc.)","0, Nunca | 1, Até 1 ou 2 dias por semana | 2, Mais de 2 dias por semana | 3, Mais de 4 dias por semana | 4, Mais de uma vez por dia",,,,,,[leisure_suggestions] = 1,,,,activities_frequency_suggestions,,
reading_paper_2,preferencias_habitos_rotinas,,radio,Ler em papel,"0, Nunca | 1, Até 1 ou 2 dias por semana | 2, Mais de 2 dias por semana | 3, Mais de 4 dias por semana | 4, Mais de uma vez por dia",,,,,,[leisure_suggestions] = 1,,,,activities_frequency_suggestions,,
receiving_visits_2,preferencias_habitos_rotinas,,radio,Receber visitas de amigos/família,"0, Nunca | 1, Até 1 ou 2 dias por semana | 2, Mais de 2 dias por semana | 3, Mais de 4 dias por semana | 4, Mais de uma vez por dia",,,,,,[leisure_suggestions] = 1,,,,activities_frequency_suggestions,,
talking_neighbours_2,preferencias_habitos_rotinas,,radio,Conversar com vizinhos/amigos à janela/alpendre/entrada,"0, Nunca | 1, Até 1 ou 2 dias por semana | 2, Mais de 2 dias por semana | 3, Mais de 4 dias por semana | 4, Mais de uma vez por dia",,,,,,[leisure_suggestions] = 1,,,,activities_frequency_suggestions,,
talking_phone_2,preferencias_habitos_rotinas,,radio,Conversar ao telefone com amigos/família,"0, Nunca | 1, Até 1 ou 2 dias por semana | 2, Mais de 2 dias por semana | 3, Mais de 4 dias por semana | 4, Mais de uma vez por dia",,,,,,[leisure_suggestions] = 1,,,,activities_frequency_suggestions,,
going_out_with_friends_2,preferencias_habitos_rotinas,,radio,Sair com amigos/família,"0, Nunca | 1, Até 1 ou 2 dias por semana | 2, Mais de 2 dias por semana | 3, Mais de 4 dias por semana | 4, Mais de uma vez por dia",,,,,,[leisure_suggestions] = 1,,,,activities_frequency_suggestions,,
walking_outdoors_2,preferencias_habitos_rotinas,,radio,Caminhar ao ar livre,"0, Nunca | 1, Até 1 ou 2 dias por semana | 2, Mais de 2 dias por semana | 3, Mais de 4 dias por semana | 4, Mais de uma vez por dia",,,,,,[leisure_suggestions] = 1,,,,activities_frequency_suggestions,,
home_exercises_2,preferencias_habitos_rotinas,,radio,"Fazer exercícios adaptados em casa (exercícios sentados, pedaleira estática etc.)","0, Nunca | 1, Até 1 ou 2 dias por semana | 2, Mais de 2 dias por semana | 3, Mais de 4 dias por semana | 4, Mais de uma vez por dia",,,,,,[leisure_suggestions] = 1,,,,activities_frequency_suggestions,,
listening_radio_2,preferencias_habitos_rotinas,,radio,Ouvir rádio,"0, Nunca | 1, Até 1 ou 2 dias por semana | 2, Mais de 2 dias por semana | 3, Mais de 4 dias por semana | 4, Mais de uma vez por dia",,,,,,[leisure_suggestions] = 1,,,,activities_frequency_suggestions,,
watching_tv_2,preferencias_habitos_rotinas,,radio,Ver televisão,"0, Nunca | 1, Até 1 ou 2 dias por semana | 2, Mais de 2 dias por semana | 3, Mais de 4 dias por semana | 4, Mais de uma vez por dia",,,,,,[leisure_suggestions] = 1,,,,activities_frequency_suggestions,,
reading_screen_2,preferencias_habitos_rotinas,,radio,"Ler em ecrã (computador, telemóvel, tablet, ebook)","0, Nunca | 1, Até 1 ou 2 dias por semana | 2, Mais de 2 dias por semana | 3, Mais de 4 dias por semana | 4, Mais de uma vez por dia",,,,,,[leisure_suggestions] = 1,,,,activities_frequency_suggestions,,
typing_digital_2,preferencias_habitos_rotinas,,radio,"Escrever em suporte digital (computador, tablet)","0, Nunca | 1, Até 1 ou 2 dias por semana | 2, Mais de 2 dias por semana | 3, Mais de 4 dias por semana | 4, Mais de uma vez por dia",,,,,,[leisure_suggestions] = 1,,,,activities_frequency_suggestions,,
computer_games_2,preferencias_habitos_rotinas,,radio,Jogos de computador ou de vídeo,"0, Nunca | 1, Até 1 ou 2 dias por semana | 2, Mais de 2 dias por semana | 3, Mais de 4 dias por semana | 4, Mais de uma vez por dia",,,,,,[leisure_suggestions] = 1,,,,activities_frequency_suggestions,,
talking_online_2,preferencias_habitos_rotinas,,radio,Conversar online,"0, Nunca | 1, Até 1 ou 2 dias por semana | 2, Mais de 2 dias por semana | 3, Mais de 4 dias por semana | 4, Mais de uma vez por dia",,,,,,[leisure_suggestions] = 1,,,,activities_frequency_suggestions,,
social_media_2,preferencias_habitos_rotinas,,radio,Usar redes sociais,"0, Nunca | 1, Até 1 ou 2 dias por semana | 2, Mais de 2 dias por semana | 3, Mais de 4 dias por semana | 4, Mais de uma vez por dia",,,,,,[leisure_suggestions] = 1,,,,activities_frequency_suggestions,,
courses_studying_2,preferencias_habitos_rotinas,,radio,Frequentar cursos / estudar,"0, Nunca | 1, Até 1 ou 2 dias por semana | 2, Mais de 2 dias por semana | 3, Mais de 4 dias por semana | 4, Mais de uma vez por dia",,,,,,[leisure_suggestions] = 1,,,,activities_frequency_suggestions,,
volunteering_2,preferencias_habitos_rotinas,,radio,Fazer voluntariado,"0, Nunca | 1, Até 1 ou 2 dias por semana | 2, Mais de 2 dias por semana | 3, Mais de 4 dias por semana | 4, Mais de uma vez por dia",,,,,,[leisure_suggestions] = 1,,,,activities_frequency_suggestions,,
religious_activities_2,preferencias_habitos_rotinas,,radio,Frequentar atividades religiosas,"0, Nunca | 1, Até 1 ou 2 dias por semana | 2, Mais de 2 dias por semana | 3, Mais de 4 dias por semana | 4, Mais de uma vez por dia",,,,,,[leisure_suggestions] = 1,,,,activities_frequency_suggestions,,
going_gym_2,preferencias_habitos_rotinas,,radio,Ir ao ginásio,"0, Nunca | 1, Até 1 ou 2 dias por semana | 2, Mais de 2 dias por semana | 3, Mais de 4 dias por semana | 4, Mais de uma vez por dia",,,,,,[leisure_suggestions] = 1,,,,activities_frequency_suggestions,,
civic_activism_2,preferencias_habitos_rotinas,,radio,"Ativismo cidadão, político ou associativo (por exemplo associação cultural)","0, Nunca | 1, Até 1 ou 2 dias por semana | 2, Mais de 2 dias por semana | 3, Mais de 4 dias por semana | 4, Mais de uma vez por dia",,,,,,[leisure_suggestions] = 1,,,,activities_frequency_suggestions,,
other_leisure,preferencias_habitos_rotinas,,radio,Outro (Especificar),"0, Nunca | 1, Até 1 ou 2 dias por semana | 2, Mais de 2 dias por semana | 3, Mais de 4 dias por semana | 4, Mais de uma vez por dia",,,,,,,,,,activities_frequency_suggestions,,
other_leisure_specify,preferencias_habitos_rotinas,,text,Especifique a outra especialidade de lazer,,,,,,,[other_leisure] !='' AND [leisure_suggestions] = 1,,,,,,
currently_smokes,preferencias_habitos_rotinas,,radio,Atualmente fuma?,"1, Sim | 0, Não",,,,,,,,,,,,
questionnaire_administration_2,preferencias_habitos_rotinas,,radio,Forma de administração do questionário,"0, Autoadministrado | 1, Assistido pelo cuidador ou entrevistador | 2, Preenchido pelo cuidador ou administrativamente (se autorizado pelo participante)",,,,,,,,,,,,
comments_2,preferencias_habitos_rotinas,,notes,Comentários,,,,,,,,,LH,,,,
info_part_code_3,indice_barthel_estado_funcional,,descriptive,"<div class=""rich-text-field-label""><p>CÓDIGO DO PARTICIPANTE: <span style=""font-weight: normal;"">[participant_code_estudo]</span></p></div>",,,,,,,,,,,,,
resp_preench_3,indice_barthel_estado_funcional,,text,Responsável pelo preenchimento no REDCap,,,,,,,,,,,,,@USERNAME @READONLY
data_preench_3,indice_barthel_estado_funcional,,text,Data do preenchimento no REDCap,,,datetime_dmy,,,,,,,,,,@NOW-SERVER @READONLY
crf3_description,indice_barthel_estado_funcional,,descriptive,"<div class=""rich-text-field-label""><div style=""background-color: #fffbea; border-left: 5px solid #e6b800; padding: 12px; font-size: 14px;""><strong>Instruções:</strong> <br><br>A responder por cuidadores em relação aos participantes do <strong>Grupo A</strong> e do <strong>Grupo B</strong>)<br><br>O seguinte quadro apresenta os itens ou tarefas contadas na escala de Barthel, com os valores correspondentes para a realização das tarefas. O que deve ser selecionado são as atividades que os indivíduos efetivamente executam, e não do que poderiam realizar. Preferencialmente deve-se observar os indivíduos no desempenho das tarefas e só excecionalmente se deve perguntar ao próprio, amigos ou familiares como é que ocorre a realização das mesmas.</div> <p> </p></div>",,,,,,,,,,,,,
questionnaire_date_3,indice_barthel_estado_funcional,CRF III: Índice de Barthel - Estado Funcional,text,Data de aplicação do questionário,,Formato: dd-mm-aaaa,date_dmy,,,,,,,,,,
feeding,indice_barthel_estado_funcional,,radio,Alimentação,"10, Totalmente independente | 5, Necessita de ajuda para cortar a carne, peixe, pão, etc ou dieta modificada | 0, Dependente",,,,,,,,,,,,
bathing,indice_barthel_estado_funcional,,radio,Tomar banho,"5, Independente: entra e sai sozinho da casa de banho | 0, Dependente",,,,,,,,,,,,
dressing,indice_barthel_estado_funcional,,radio,Vestir-se,"10, Independente: capaz de colocar e retirar a roupa, abotoar a roupa, apertar os sapatos | 5, Necessita de ajuda | 0, Dependente",,,,,,,,,,,,
personal_hygiene,indice_barthel_estado_funcional,,radio,Higiene Pessoal,"5, Independente para lavar a cara, as mãos, pentear-se, maquilhar-se, fazer a barba | 0, Dependente ou incontinente",,,,,,,,,,,,
bowel_control,indice_barthel_estado_funcional,,radio,Trânsito Intestinal / Defecação ,"10, Continência normal | 5, Ocasionalmente um episódio de incontinência ou necessita de ajuda para colocar supositórios | 0, Incontinência",Ter em conta a última semana,,,,,,,,,,,
bladder_control,indice_barthel_estado_funcional,,radio,Micção,"10, Continência normal ou é capaz de tratar da sonda se a tiver colocada | 5, Um episódio diário de incontinência no máximo ou necessita de ajuda para tratar da sonda | 0, Incontinência",,,,,,,,,,,,
toilet_use,indice_barthel_estado_funcional,,radio,Casa de Banho,"10, Independente para ir à casa de banho, sendo capaz de retirar e colocar a roupa | 5, Necessita de ajuda para ir à casa de banho, mas consegue limpar-se sozinho | 0, Dependente",,,,,,,,,,,,
transfer_chair_bed,indice_barthel_estado_funcional,,radio,Transferência Cadeira - Cama,"15, Independente para ir da cadeira para a cama | 10, Mínima ajuda física ou supervisão para fazê-lo | 5, Necessita de grande ajuda, mas é capaz de manterse sentado sozinho | 0, Dependente",,,,,,,,,,,,
walking,indice_barthel_estado_funcional,,radio,Deambulação,"15, Independente, caminha só 50 metros | 10, Necessita de ajuda física ou supervisão para caminhar 50 metros | 5, Independente na cadeira de rodas sem ajuda | 0, Dependente",,,,,,,,,,,,
stairs,indice_barthel_estado_funcional,,radio,Escadas,"10, Independente na subida e descida de escadas | 5, Necessita de supervisão ou ajuda física para realizar esta atividade | 0, Dependente",,,,,,,,,,,,
comments_3,indice_barthel_estado_funcional,,notes,Comentários,,,,,,,,,LH,,,,
info_part_code_4,estado_saude_diagnosticos_previos,,descriptive,"<div class=""rich-text-field-label""><p>CÓDIGO DO PARTICIPANTE: <span style=""font-weight: normal;"">[participant_code_estudo]</span></p></div>",,,,,,,,,,,,,
resp_preench_4,estado_saude_diagnosticos_previos,,text,Responsável pelo preenchimento no REDCap,,,,,,,,,,,,,@USERNAME @READONLY
data_preench_4,estado_saude_diagnosticos_previos,,text,Data do preenchimento no REDCap,,,datetime_dmy,,,,,,,,,,@NOW-SERVER @READONLY
crf4_description,estado_saude_diagnosticos_previos,,descriptive,"<div class=""rich-text-field-label""><p> </p> <div style=""background-color: #f0f8ff; padding: 12px; border-left: 5px solid #2a7ae2; font-size: 14px;""><strong>Instruções:</strong> <br><br>A responder em relação aos participantes do Grupo A e do Grupo B pelos próprios, pelos cuidadores em seu nome ou com base na informação existente nos registos da instituição.</div> <p> </p></div>",,,,,,,,,,,,,
questionnaire_date_4,estado_saude_diagnosticos_previos,CRF IV: Estado de saúde e diagnósticos prévios,text,Data de aplicação do questionário,,Formato: dd-mm-aaaa,date_dmy,,,,,,,,,,
weight,estado_saude_diagnosticos_previos,Dados antropométricos,text,Peso (kg),,,number,40,200,,,,,,,,
height,estado_saude_diagnosticos_previos,,text,Altura (m),,"Utilize um ""."" (ponto) como separador de casa decimal ",number,,,,,,,,,,
has_diabetes,estado_saude_diagnosticos_previos,,radio,"Por favor, indique se tem Diabetes (Q120_1.1):","1, Sim, confirmado pelo médico | 2, Sim, mas não tenho certeza | 3, Não, confirmado pelo médico | 4, Não, mas não tenho certeza | 5, Não sei",,,,,,,,,,,,
has_fasting_glucose_alteration,estado_saude_diagnosticos_previos,,radio,"Por favor, indique se tem alteração da glicemia de jejum:","1, Sim, confirmado pelo médico | 2, Sim, mas não tenho certeza | 3, Não, confirmado pelo médico | 4, Não, mas não tenho certeza | 5, Não sei",,,,,,,,,,,,
has_dyslipidemia,estado_saude_diagnosticos_previos,,radio,"Por favor, indique se tem Dislipidemia (colesterol alto):","1, Sim, confirmado pelo médico | 2, Sim, mas não tenho certeza | 3, Não, confirmado pelo médico | 4, Não, mas não tenho certeza | 5, Não sei",,,,,,,,,,,,
has_hypertension,estado_saude_diagnosticos_previos,,radio,"Por favor, indique se tem Hipertensão arterial (Q120_1.3):","1, Sim, confirmado pelo médico | 2, Sim, mas não tenho certeza | 3, Não, confirmado pelo médico | 4, Não, mas não tenho certeza | 5, Não sei",,,,,,,,,,,,
waist_circumference_risk,estado_saude_diagnosticos_previos,,radio,"Por favor, indique se tem perímetro de cintura superior a 94 centímetros para os homens, e superior a 80 centímetros para as mulheres: ","1, Sim | 0, Não | 2, Não sei",,,,,,,,,,,,
has_arrhythmia,estado_saude_diagnosticos_previos,,radio,"Por favor, indique se tem Arritmia (Q120_1.2):","1, Sim, confirmado pelo médico | 2, Sim, mas não tenho certeza | 3, Não, confirmado pelo médico | 4, Não, mas não tenho certeza | 5, Não sei",,,,,,,,,,,,
has_heart_failure,estado_saude_diagnosticos_previos,,radio,"Por favor, indique se tem Insuficiência Cardíaca (Q120_1.4):","1, Sim, confirmado pelo médico | 2, Sim, mas não tenho certeza | 3, Não, confirmado pelo médico | 4, Não, mas não tenho certeza | 5, Não sei",,,,,,,,,,,,
had_myocardial_infarction,estado_saude_diagnosticos_previos,,radio,"Por favor, indique se alguma vez teve Enfarte Agudo do Miocárdio (Q120_2.1):","1, Sim, confirmado pelo médico | 2, Sim, mas não tenho certeza | 3, Não, confirmado pelo médico | 4, Não, mas não tenho certeza | 5, Não sei",,,,,,,,,,,,
had_stroke,estado_saude_diagnosticos_previos,,radio,"Por favor, indique se alguma vez teve Acidente Vascular Cerebral (AVC) (Q120_2.2):","1, Sim, confirmado pelo médico | 2, Sim, mas não tenho certeza | 3, Não, confirmado pelo médico | 4, Não, mas não tenho certeza | 5, Não sei",,,,,,,,,,,,
had_thromboembolism,estado_saude_diagnosticos_previos,,radio,"Por favor, indique se alguma vez teve Tromboembolismo (Q120_2.3):","1, Sim, confirmado pelo médico | 2, Sim, mas não tenho certeza | 3, Não, confirmado pelo médico | 4, Não, mas não tenho certeza | 5, Não sei",,,,,,,,,,,,
other_cardiovascular_disease,estado_saude_diagnosticos_previos,,radio,"Por favor, indique se alguma vez teve outra(s) doença(s) cardiovascular(es) que não as anteriores?","1, Sim | 0, Não | 2, Não sei",,,,,,,,,,,,
other_cardiovascular_disease_specify,estado_saude_diagnosticos_previos,,notes,"Se sim, especifique:",,,,,,,[other_cardiovascular_disease] = '1',,,,,,
has_benign_prostatic_hyperplasia,estado_saude_diagnosticos_previos,,radio,"Se é homem, indique se tem hiperplasia benigna da próstata:","1, Sim, confirmado pelo médico | 2, Sim, mas não tenho certeza | 3, Não, confirmado pelo médico | 4, Não, mas não tenho certeza | 5, Não sei",,,,,,[sex] = '1',,,,,,
has_anxiety,estado_saude_diagnosticos_previos,,radio,"Por favor, indique se tem Ansiedade (Q190_1.1):","1, Sim, confirmado pelo médico | 2, Sim, mas não tenho certeza | 3, Não, confirmado pelo médico | 4, Não, mas não tenho certeza | 5, Não sei",,,,,,,,,,,,
has_depression,estado_saude_diagnosticos_previos,,radio,"Por favor, indique se tem Depressão (Q190_1.2):","1, Sim, confirmado pelo médico | 2, Sim, mas não tenho certeza | 3, Não, confirmado pelo médico | 4, Não, mas não tenho certeza | 5, Não sei",,,,,,,,,,,,
has_sleep_apnea,estado_saude_diagnosticos_previos,,radio,"Por favor, indique se tem Síndrome de Apneia Obstrutiva do Sono (Q190_1.3):","1, Sim, confirmado pelo médico | 2, Sim, mas não tenho certeza | 3, Não, confirmado pelo médico | 4, Não, mas não tenho certeza | 5, Não sei",,,,,,,,,,,,
has_gastroesophageal_reflux,estado_saude_diagnosticos_previos,,radio,"Por favor, indique se tem Refluxo Gastro-esofágico (Q190_1.4):","1, Sim, confirmado pelo médico | 2, Sim, mas não tenho certeza | 3, Não, confirmado pelo médico | 4, Não, mas não tenho certeza | 5, Não sei",,,,,,,,,,,,
has_atopic_eczema,estado_saude_diagnosticos_previos,,radio,"Por favor, indique se tem Eczema Atópico (Q190_1.5):","1, Sim, confirmado pelo médico | 2, Sim, mas não tenho certeza | 3, Não, confirmado pelo médico | 4, Não, mas não tenho certeza | 5, Não sei",,,,,,,,,,,,
has_osteoporosis,estado_saude_diagnosticos_previos,,radio,"Por favor, indique se tem Osteoporose (Q190_1.6):","1, Sim, confirmado pelo médico | 2, Sim, mas não tenho certeza | 3, Não, confirmado pelo médico | 4, Não, mas não tenho certeza | 5, Não sei",,,,,,,,,,,,
has_renal_insufficiency,estado_saude_diagnosticos_previos,,radio,"Por favor, indique se tem Insuficiência Renal (Q190_1.7):","1, Sim, confirmado pelo médico | 2, Sim, mas não tenho certeza | 3, Não, confirmado pelo médico | 4, Não, mas não tenho certeza | 5, Não sei",,,,,,,,,,,,
has_peptic_ulcer,estado_saude_diagnosticos_previos,,radio,"Por favor, indique se tem Úlcera Péptica (Q190_1.8):","1, Sim, confirmado pelo médico | 2, Sim, mas não tenho certeza | 3, Não, confirmado pelo médico | 4, Não, mas não tenho certeza | 5, Não sei",,,,,,,,,,,,
had_cancer,estado_saude_diagnosticos_previos,,radio,"Por favor, indique se alguma vez teve Cancro (Q190_2.2):","1, Sim, confirmado pelo médico | 2, Sim, mas não tenho certeza | 3, Não, confirmado pelo médico | 4, Não, mas não tenho certeza | 5, Não sei",,,,,,,,,,,,
had_cancer_specify,estado_saude_diagnosticos_previos,,notes,"Se já teve cancro, por favor indique que cancro teve:",,,,,,,[had_cancer] = '1' or [had_cancer] = '2',,,,,,
has_cancer_sequelae,estado_saude_diagnosticos_previos,,radio,"Se fez tratamento para cancro, teve sequelas do tratamento?","1, Sim | 0, Não | 2, Não sei",,,,,,[had_cancer] = '1' or [had_cancer] = '2',,,,,,
has_cancer_sequelae_specify,estado_saude_diagnosticos_previos,,notes,"Se teve sequelas, especifique:",,,,,,,[has_cancer_sequelae] = '1',,,,,,
has_glaucoma,estado_saude_diagnosticos_previos,,radio,"Por favor, indique se tem Glaucoma (Q160_1.1):","1, Sim, confirmado pelo médico | 2, Sim, mas não tenho certeza | 3, Não, confirmado pelo médico | 4, Não, mas não tenho certeza | 5, Não sei",,,,,,,,,,,,
has_cataracts,estado_saude_diagnosticos_previos,,radio,"Por favor, indique se tem Cataratas (Q160_1.2):","1, Sim, confirmado pelo médico | 2, Sim, mas não tenho certeza | 3, Não, confirmado pelo médico | 4, Não, mas não tenho certeza | 5, Não sei",,,,,,,,,,,,
other_eye_disease,estado_saude_diagnosticos_previos,,radio,"Por favor, indique se alguma vez teve outra(s) doença(s) ocular(es) que não as anteriores (Q160_1.3):","1, Sim | 0, Não | 2, Não sei",,,,,,,,,,,,
other_eye_disease_specify,estado_saude_diagnosticos_previos,,notes,"Se sim, especifique (Q160_1.4):",,,,,,,[other_eye_disease] = '1',,,,,,
has_asthma,estado_saude_diagnosticos_previos,,radio,"Por favor, indique se tem Asma (Q100_1.1):","1, Sim, confirmado pelo médico | 2, Sim, mas não tenho certeza | 3, Não, confirmado pelo médico | 4, Não, mas não tenho certeza | 5, Não sei",,,,,,,,,,,,
has_copd,estado_saude_diagnosticos_previos,,radio,"Por favor, indique se tem Doença Pulmonar Obstrutiva Crónica (DPOC) (Q100_2.1):","1, Sim, confirmado pelo médico | 2, Sim, mas não tenho certeza | 3, Não, confirmado pelo médico | 4, Não, mas não tenho certeza | 5, Não sei",,,,,,,,,,,,
has_rhinitis,estado_saude_diagnosticos_previos,,radio,"Por favor, indique se tem Rinite (Q100_3.1):","1, Sim, confirmado pelo médico | 2, Sim, mas não tenho certeza | 3, Não, confirmado pelo médico | 4, Não, mas não tenho certeza | 5, Não sei",,,,,,,,,,,,
other_disease,estado_saude_diagnosticos_previos,,radio,"Por favor, indique se tem outra(s) doença(s) que não as anteriores:","1, Sim | 0, Não | 2, Não sei",,,,,,,,,,,,
other_disease_specify,estado_saude_diagnosticos_previos,,notes,"Se sim, especifique:",,,,,,,[other_disease] = '1',,,,,,
questionnaire_administration_4,estado_saude_diagnosticos_previos,,radio,Forma de administração do questionário,"0, Autoadministrado | 1, Assistido pelo cuidador ou entrevistador | 2, Preenchido pelo cuidador ou administrativamente",,,,,,,,,,,,
comments_4,estado_saude_diagnosticos_previos,,notes,Comentários,,,,,,,,,LH,,,,
info_part_code_5,utilizacao_servicos_saude_eventos,,descriptive,"<div class=""rich-text-field-label""><p>CÓDIGO DO PARTICIPANTE: <span style=""font-weight: normal;"">[participant_code_estudo]</span></p></div>",,,,,,,,,,,,,
resp_preench_5,utilizacao_servicos_saude_eventos,,text,Responsável pelo preenchimento no REDCap,,,,,,,,,,,,,@USERNAME @READONLY
data_preench_5,utilizacao_servicos_saude_eventos,,text,Data do preenchimento no REDCap,,,datetime_dmy,,,,,,,,,,@NOW-SERVER @READONLY
crf5_description,utilizacao_servicos_saude_eventos,,descriptive,"<div class=""rich-text-field-label""><p> </p> <div style=""background-color: #f0f8ff; padding: 12px; border-left: 5px solid #2a7ae2; font-size: 14px;""><strong>Instruções:</strong> <br><br>A responder em relação aos participantes do Grupo A e do Grupo B pelos próprios, pelos cuidadores em seu nome ou com base na informação existente nos registos da instituição.</div> <p> </p></div>",,,,,,,,,,,,,
questionnaire_date_5,utilizacao_servicos_saude_eventos,CRF V: Utilização dos serviços de saúde e eventos,text,Data de aplicação do questionário,,Formato: dd-mm-aaaa,date_dmy,,,,,,,,,,
scheduled_medical_visits,utilizacao_servicos_saude_eventos,,text,Quantas consultas médicas programadas teve no último ano?,,,integer,0,,,,,,,,,
unscheduled_medical_visits,utilizacao_servicos_saude_eventos,,text,Quantas vezes recorreu a consultas não programadas no último ano?,,,integer,0,,,,,,,,,
emergency_visits,utilizacao_servicos_saude_eventos,,text,Quantas vezes recorreu ao Serviço de Urgência no último ano?,,,integer,0,,,,,,,,,
hospitalizations,utilizacao_servicos_saude_eventos,,text,Quantas vezes precisou de ficar internado no hospital (mais de 24 horas) no último ano?,,,integer,0,,,,,,,,,
falls,utilizacao_servicos_saude_eventos,,text,Quantas quedas sofreu no último ano?,,,integer,0,,,,,,,,,
injury_after_falls,utilizacao_servicos_saude_eventos,,notes,"Teve alguma lesão ou sequela dessas quedas? 
Se sim, descreva.",,,,,,,[falls] > 0,,,,,,
questionnaire_administration_5,utilizacao_servicos_saude_eventos,,radio,Forma de administração do questionário,"0, Autoadministrado | 1, Assistido pelo cuidador ou entrevistador | 2, Preenchido pelo cuidador ou administrativamente",,,,,,,,,,,,
comments_5,utilizacao_servicos_saude_eventos,,notes,Comentários,,,,,,,,,LH,,,,
info_part_code_6,plano_terapeutico_oral,,descriptive,"<div class=""rich-text-field-label""><p>CÓDIGO DO PARTICIPANTE: <span style=""font-weight: normal;"">[participant_code_estudo]</span></p></div>",,,,,,,,,,,,,@fhir:MedicationStatement.subject.reference
resp_preench_6,plano_terapeutico_oral,,text,Responsável pelo preenchimento no REDCap,,,,,,,,,,,,,@USERNAME @READONLY
data_preench_6,plano_terapeutico_oral,,text,Data do preenchimento no REDCap,,,datetime_dmy,,,,,,,,,,@NOW-SERVER @READONLY @fhir:MedicationStatement.dateAsserted
crf6_description,plano_terapeutico_oral,,descriptive,"<div class=""rich-text-field-label""><p> </p> <div style=""background-color: #f0f8ff; padding: 12px; border-left: 5px solid #2a7ae2; font-size: 14px;""><strong>Instruções:</strong> <br><br>A responder em relação aos participantes do Grupo A e do Grupo B pelos próprios, pelos cuidadores em seu nome ou com base na informação existente nos registos da instituição.</div></div>",,,,,,,,,,,,,
questionnaire_date_6,plano_terapeutico_oral,,text,Data de aplicação do questionário,,,date_dmy,,,,,,,,,,@fhir:MedicationStatement.effectiveDateTime
medication_name_other,plano_terapeutico_oral,,text,Nome comercial ou princípio ativo,,,,,,,,,,,,,@fhir:MedicationStatement.medicationCodeableConcept.text
presentation_type,plano_terapeutico_oral,,radio,Apresentação,"1, Comprimido ou cápsula | 2, Spray | 3, Injetável | 4, Gotas oftalmológicas | 5, Ampola | 6, Chá | 7, Caneta de Insulina | 8, Saquetas | 9, Inalação | 10, Gotas | 99, Outro",,,,,,,,,,,,@fhir:MedicationStatement.dosage[0].method.text
dose_em_jejum,plano_terapeutico_oral,,text,Posologia - Em jejum,,,,,,,,,,,,,@fhir:MedicationStatement.dosage[0].text
horario_em_jejum,plano_terapeutico_oral,,text,Horário aproximado - Em jejum,,,time,,,,,,,,,,@fhir:MedicationStatement.dosage[0].timing.code.text
dose_pequeno_almoco,plano_terapeutico_oral,,text,Posologia - Pequeno almoço,,,,,,,,,,,,,@fhir:MedicationStatement.dosage[1].text
horario_pequeno_almoco,plano_terapeutico_oral,,text,Horário aproximado - Pequeno almoço,,,time,,,,,,,,,,@fhir:MedicationStatement.dosage[1].timing.code.text
dose_almoco,plano_terapeutico_oral,,text,Posologia - Almoço,,,,,,,,,,,,,@fhir:MedicationStatement.dosage[2].text
horario_almoco,plano_terapeutico_oral,,text,Horário aproximado - Almoço,,,time,,,,,,,,,,@fhir:MedicationStatement.dosage[2].timing.code.text
dose_lanche,plano_terapeutico_oral,,text,Posologia - Lanche,,,,,,,,,,,,,@fhir:MedicationStatement.dosage[3].text
horario_lanche,plano_terapeutico_oral,,text,Horário aproximado - Lanche,,,time,,,,,,,,,,@fhir:MedicationStatement.dosage[3].timing.code.text
dose_jantar,plano_terapeutico_oral,,text,Posologia - Jantar,,,,,,,,,,,,,@fhir:MedicationStatement.dosage[4].text
horario_jantar,plano_terapeutico_oral,,text,Horário aproximado - Jantar,,,time,,,,,,,,,,@fhir:MedicationStatement.dosage[4].timing.code.text
dose_ceia,plano_terapeutico_oral,,text,Posologia - Ceia,,,,,,,,,,,,,@fhir:MedicationStatement.dosage[5].text
horario_ceia,plano_terapeutico_oral,,text,Horário aproximado - Ceia,,,time,,,,,,,,,,@fhir:MedicationStatement.dosage[5].timing.code.text
dose_antes_dormir,plano_terapeutico_oral,,text,Posologia - Antes de dormir,,,,,,,,,,,,,@fhir:MedicationStatement.dosage[6].text
horario_antes_dormir,plano_terapeutico_oral,,text,Horário aproximado - Antes de dormir,,,time,,,,,,,,,,@fhir:MedicationStatement.dosage[6].timing.code.text
comments_6,plano_terapeutico_oral,,notes,Comentários,,,,,,,,,LH,,,,@fhir:MedicationStatement.note[0].text
info_part_code_7,qualidade_sono_pittsburgh,,descriptive,"<div class=""rich-text-field-label""><p>CÓDIGO DO PARTICIPANTE: <span style=""font-weight: normal;"">[participant_code_estudo]</span></p></div>",,,,,,,,,,,,,
resp_preench_7,qualidade_sono_pittsburgh,,text,Responsável pelo preenchimento no REDCap,,,,,,,,,,,,,@USERNAME @READONLY
data_preench_7,qualidade_sono_pittsburgh,,text,Data do preenchimento no REDCap,,,datetime_dmy,,,,,,,,,,@NOW-SERVER @READONLY
crf7_description,qualidade_sono_pittsburgh,,descriptive,"<div class=""rich-text-field-label""><div style=""background-color: #e8f5e9; border-left: 5px solid #43a047; padding: 12px; font-size: 14px;""><strong>Instruções:</strong> <br><br>A responder por participantes do <strong>Grupo A</strong> e do <strong>Grupo B.</strong><br><br>As questões a seguir são referentes a sua qualidade de sono apenas durante o mês passado. As suas respostas devem indicar o mais corretamente possível o que aconteceu na maioria dos dias e noites do último mês. Por favor responda a todas as questões.</div></div>",,,,,,,,,,,,,
questionnaire_date_7,qualidade_sono_pittsburgh,CRF VII: Qualidade do Sono (PSQI-PT),text,Data de aplicação do questionário,,Formato: dd-mm-aaaa,date_dmy,,,,,,,,,,
bedtime,qualidade_sono_pittsburgh,,text,"Durante o mês passado, a que horas se deitou à noite na maioria das vezes?",,Formato: hh:mm,time,,,,,,,,,,
time_to_sleep,qualidade_sono_pittsburgh,,text,"Durante o mês passado, quanto tempo (em minutos) demorou para adormecer na maioria das vezes?",,Minutos,integer,0,,,,,,,,,
wake_up_time,qualidade_sono_pittsburgh,,text,"Durante o mês passado, a que horas acordou (levantou) de manhã na maioria das vezes?",,Formato: hh:mm,time,,,,,,,,,,
sleep_hours,qualidade_sono_pittsburgh,,text,"Durante o mês passado, quantas horas de sono por noite dormiu?

Obs: pode ser diferente do número de horas que ficou na cama",,Formato: hh:mm,time,,,,,,,,,,
last_month_sleep_problem_desc,qualidade_sono_pittsburgh,,descriptive,"Para cada uma das questões seguintes, escolha uma única resposta, a que lhe pareça mais correta. Por favor, responda a todas as questões.
",,,,,,,,,,,,,
trouble_falling_asleep,qualidade_sono_pittsburgh,"Durante o mês passado, quantas vezes teve problemas para dormir por causa de:",radio,Demorar mais de 30 minutos para adormecer,"0, Nunca | 1, Menos de 1x/semana | 2, 1-2x/semana | 3, 3x/semana ou mais",,,,,,,,,,last_month_sleep_problem,,
waking_up_night,qualidade_sono_pittsburgh,,radio,Acordar ao meio da noite ou de manhã muito cedo,"0, Nunca | 1, Menos de 1x/semana | 2, 1-2x/semana | 3, 3x/semana ou mais",,,,,,,,,,last_month_sleep_problem,,
bathroom_need,qualidade_sono_pittsburgh,,radio,Levantar-se para ir à casa de banho,"0, Nunca | 1, Menos de 1x/semana | 2, 1-2x/semana | 3, 3x/semana ou mais",,,,,,,,,,last_month_sleep_problem,,
breathing_difficulty,qualidade_sono_pittsburgh,,radio,Ter dificuldade para respirar,"0, Nunca | 1, Menos de 1x/semana | 2, 1-2x/semana | 3, 3x/semana ou mais",,,,,,,,,,last_month_sleep_problem,,
cough_snore,qualidade_sono_pittsburgh,,radio,Tossir ou ressonar alto,"0, Nunca | 1, Menos de 1x/semana | 2, 1-2x/semana | 3, 3x/semana ou mais",,,,,,,,,,last_month_sleep_problem,,
feeling_cold,qualidade_sono_pittsburgh,,radio,Sentir muito frio,"0, Nunca | 1, Menos de 1x/semana | 2, 1-2x/semana | 3, 3x/semana ou mais",,,,,,,,,,last_month_sleep_problem,,
feeling_hot,qualidade_sono_pittsburgh,,radio,Sentir muito calor,"0, Nunca | 1, Menos de 1x/semana | 2, 1-2x/semana | 3, 3x/semana ou mais",,,,,,,,,,last_month_sleep_problem,,
bad_dreams,qualidade_sono_pittsburgh,,radio,Ter sonhos maus ou pesadelos,"0, Nunca | 1, Menos de 1x/semana | 2, 1-2x/semana | 3, 3x/semana ou mais",,,,,,,,,,last_month_sleep_problem,,
pain,qualidade_sono_pittsburgh,,radio,Sentir dores,"0, Nunca | 1, Menos de 1x/semana | 2, 1-2x/semana | 3, 3x/semana ou mais",,,,,,,,,,last_month_sleep_problem,,
other_reason,qualidade_sono_pittsburgh,,radio,Outra razão para problemas de sono,"0, Nunca | 1, Menos de 1x/semana | 2, 1-2x/semana | 3, 3x/semana ou mais",,,,,,,,,,last_month_sleep_problem,,
other_reason_description,qualidade_sono_pittsburgh,,notes,"Se indicou outra razão para problemas de sono, descreva:",,,,,,,[other_reason] = '1' OR [other_reason] = '2' OR [other_reason] = '3',,,,,,
other_reason_times,qualidade_sono_pittsburgh,,radio,"Quantas vezes teve problemas para dormir por esta razão, durante o mês passado?","0, Nunca | 1, Menos de 1x/semana | 2, 1-2x/semana | 3, 3x/semana ou mais",,,,,,[other_reason] = '1' OR [other_reason] = '2' OR [other_reason] = '3',,,,,,
sleep_quality,qualidade_sono_pittsburgh,,radio,"Durante o mês passado, como classificaria a qualidade do seu sono?","0, Muito boa | 1, Boa | 2, Má | 3, Muito má",,,,,,,,,,,,
sleep_medication_use,qualidade_sono_pittsburgh,,radio,"Durante o mês passado, tomou algum medicamento para dormir receitado pelo médico, ou indicado por outra pessoa (farmacêutico, amigo, familiar), ou mesmo por sua iniciativa?","0, Nunca | 1, Menos de 1x/semana | 2, 1-2x/semana | 3, 3x/semana ou mais",,,,,,,,,,mg_760ccc,,
trouble_staying_awake,qualidade_sono_pittsburgh,,radio,"Durante o mês passado, teve problemas em ficar acordado durante as refeições, ou enquanto conduzia, ou enquanto participava nalguma atividade social?","0, Nunca | 1, Menos de 1x/semana | 2, 1-2x/semana | 3, 3x/semana ou mais",,,,,,,,,,mg_760ccc,,
lack_of_enthusiasm,qualidade_sono_pittsburgh,,radio,"Durante o mês passado, sentiu pouca vontade ou falta de entusiasmo para realizar as suas atividades diárias?","0, Nunca | 1, Menos de 1x/semana | 2, 1-2x/semana | 3, 3x/semana ou mais",,,,,,,,,,mg_760ccc,,
sleep_partner_status,qualidade_sono_pittsburgh,,radio,Vive com um(a) companheiro(a)?,"0, Não | 1, Sim, mas em outro quarto | 2, Sim, no mesmo quarto mas não na mesma cama | 3, Sim, na mesma cama",,,,,,,,,,,,
snoring,qualidade_sono_pittsburgh,"Se tem um(a) companheiro(a) de cama ou quarto, pergunte-lhe se, no mês passado, você teve: ",radio,Ronco alto,"0, Nunca | 1, Menos de 1x/semana | 2, 1-2x/semana | 3, 3x/semana ou mais",,,,,,[sleep_partner_status] = '2' or [sleep_partner_status] = '3',,,,mg_fd9129,,
breathing_pause,qualidade_sono_pittsburgh,,radio,Pausas longas na respiração durante o sono,"0, Nunca | 1, Menos de 1x/semana | 2, 1-2x/semana | 3, 3x/semana ou mais",,,,,,[sleep_partner_status] = '2' or [sleep_partner_status] = '3',,,,mg_fd9129,,
leg_movements,qualidade_sono_pittsburgh,,radio,Movimentos de pernas durante o sono,"0, Nunca | 1, Menos de 1x/semana | 2, 1-2x/semana | 3, 3x/semana ou mais",,,,,,[sleep_partner_status] = '2' or [sleep_partner_status] = '3',,,,mg_fd9129,,
sleep_confusion,qualidade_sono_pittsburgh,,radio,Episódios de desorientação ou confusão durante o sono,"0, Nunca | 1, Menos de 1x/semana | 2, 1-2x/semana | 3, 3x/semana ou mais",,,,,,[sleep_partner_status] = '2' or [sleep_partner_status] = '3',,,,mg_fd9129,,
other_sleep_problem,qualidade_sono_pittsburgh,,radio,Outros sintomas na cama enquanto dorme,"0, Nunca | 1, Menos de 1x/semana | 2, 1-2x/semana | 3, 3x/semana ou mais",,,,,,[sleep_partner_status] = '2' or [sleep_partner_status] = '3',,,,mg_fd9129,,
other_symptoms_description,qualidade_sono_pittsburgh,,notes,Outros sintomas na cama enquanto dorme (descrever):,,,,,,,[other_sleep_problem] = '1' or [other_sleep_problem] = '2' or [other_sleep_problem] = '3' or [other_sleep_problem] = 'OTH',,,,,,
questionnaire_administration_7,qualidade_sono_pittsburgh,,radio,Forma de administração do questionário,"0, Autoadministrado | 1, Assistido pelo cuidador ou entrevistador | 2, Preenchido pelo cuidador ou administrativamente",,,,,,,,,,,,
comments_7,qualidade_sono_pittsburgh,,notes,Comentários,,,,,,,,,LH,,,,
info_part_code_8,adesao_medicacao_sintomas_bemestar,,descriptive,"<div class=""rich-text-field-label""><p>CÓDIGO DO PARTICIPANTE: <span style=""font-weight: normal;"">[participant_code_estudo]</span></p></div>",,,,,,,,,,,,,
resp_preench_8,adesao_medicacao_sintomas_bemestar,,text,Responsável pelo preenchimento no REDCap,,,,,,,,,,,,,@USERNAME @READONLY
data_preench_8,adesao_medicacao_sintomas_bemestar,,text,Data do preenchimento no REDCap,,,datetime_dmy,,,,,,,,,,@NOW-SERVER @READONLY
crf8_description,adesao_medicacao_sintomas_bemestar,,descriptive,"<div class=""rich-text-field-label""><p> </p> <div style=""background-color: #f0f8ff; padding: 12px; border-left: 5px solid #2a7ae2; font-size: 14px;""><strong>Instruções:</strong> <br><br>A responder por participantes do Grupo A e do Grupo B no final do dia.</div> <p> </p></div>",,,,,,,,,,,,,
questionnaire_date_8,adesao_medicacao_sintomas_bemestar,"CRF VIII: Adesão à medicação, sintomas e bem-estar",text,Data de aplicação do questionário,,Formato: dd-mm-aaaa,date_dmy,,,,,,,,,,
health_status,adesao_medicacao_sintomas_bemestar,,radio,"<div class=""rich-text-field-label""><p>Hoje como está a sua saúde (últimas 24h)?</p> <p><img src=""https://redcap.med.up.pt/redcap/redcap_v15.3.2/DataEntry/image_view.php?pid=19&id=4&doc_id_hash=902220db395495607d80bb4299ff69402ec99425"" width=""367"" height=""71""></p></div>","0, Muito mal | 1, Mal | 2, Razoável | 3, Bem | 4, Muito bem",,,,,,,,LH,,,,
sleep_quality_last_night,adesao_medicacao_sintomas_bemestar,,radio,"<div class=""rich-text-field-label""><p>Como dormiu na noite passada?</p> <p><img src=""https://redcap.med.up.pt/redcap/redcap_v15.3.2/DataEntry/image_view.php?pid=19&id=4&doc_id_hash=902220db395495607d80bb4299ff69402ec99425"" width=""398"" height=""77""></p></div>","0, Muito mal | 1, Mal | 2, Razoável | 3, Bem | 4, Muito bem",,,,,,,,LH,,,,
daytime_sleepiness,adesao_medicacao_sintomas_bemestar,,radio,"<div class=""rich-text-field-label""><p>Esteve sonolento durante o dia?<br><img src=""https://redcap.med.up.pt/redcap/redcap_v15.3.2/DataEntry/image_view.php?pid=19&id=5&doc_id_hash=bcbb67a5f7b72448a7e7b11203e360cad87d45a7"" width=""392"" height=""85""></p></div>","4, Muito frequentemente | 3, Frequentemente | 2, Ocasionalmente | 1, Raramente | 0, Nunca",,,,,,,,LH,,,,
dizziness_today,adesao_medicacao_sintomas_bemestar,Hoje teve:,radio,Hoje teve tonturas?,"1, Nunca | 2, Raramente | 3, Às vezes | 4, Muitas vezes | 5, Sempre ou quase sempre",,,,,,,,,,mg_596997,,
fatigue_today,adesao_medicacao_sintomas_bemestar,,radio,Hoje teve fadiga?,"1, Nunca | 2, Raramente | 3, Às vezes | 4, Muitas vezes | 5, Sempre ou quase sempre",,,,,,,,,,mg_596997,,
muscle_weakness_today,adesao_medicacao_sintomas_bemestar,,radio,Hoje teve perda de força muscular?,"1, Nunca | 2, Raramente | 3, Às vezes | 4, Muitas vezes | 5, Sempre ou quase sempre",,,,,,,,,,mg_596997,,
pain_today,adesao_medicacao_sintomas_bemestar,,radio,Hoje teve dores?,"1, Nunca | 2, Raramente | 3, Às vezes | 4, Muitas vezes | 5, Sempre ou quase sempre",,,,,,,,,,mg_596997,,
other_symptoms_today,adesao_medicacao_sintomas_bemestar,,notes,Acrescente outros sintomas que tenha tido hoje,,"Por favor, insira os sintomas separados por vírgula (Exemplo Sintoma 1, Sintoma 2, Sintoma 3)",,,,,,,,,,,
took_medications_yesterday,adesao_medicacao_sintomas_bemestar,,radio,"<div class=""rich-text-field-label""><p>Ontem tomou todos os seus medicamentos no horário esperado?</p> <p><img src=""https://redcap.med.up.pt/redcap/redcap_v15.3.2/DataEntry/image_view.php?pid=19&id=6&doc_id_hash=08585a5e26d2cbad8a205698efbd8590e6171cb7"" width=""303"" height=""86""></p></div>","0, Não | 1, Sim | 2, Não sei",,,,,,,,LH,,,,
medication_nonadherence_reason,adesao_medicacao_sintomas_bemestar,,radio,"Se ontem não tomou todos os medicamentos no horário esperado, assinale as razões","0, Esqueceu-se | 1, Acabou a medicação / não trazida pelo cuidador | 2, Não quis tomar | 3, Outra razão",,,,,,[took_medications_yesterday] = '0',,,,,,
other_medication_nonadherence_reason,adesao_medicacao_sintomas_bemestar,,notes,"Se outra razão, especifique:",,,,,,,[medication_nonadherence_reason] = '3',,,,,,
questionnaire_administration_8,adesao_medicacao_sintomas_bemestar,,radio,Forma de administração do questionário,"0, Autoadministrado | 1, Assistido pelo cuidador ou entrevistador",,,,,,,,,,,,
comments_8,adesao_medicacao_sintomas_bemestar,,notes,Comentários,,,,,,,,,LH,,,,
info_part_code_9,eq5d5l_questionario_saude,,descriptive,"<div class=""rich-text-field-label""><p>CÓDIGO DO PARTICIPANTE: <span style=""font-weight: normal;"">[participant_code_estudo]</span></p></div>",,,,,,,,,,,,,
resp_preench_9,eq5d5l_questionario_saude,,text,Responsável pelo preenchimento no REDCap,,,,,,,,,,,,,@USERNAME @READONLY
data_preench_9,eq5d5l_questionario_saude,,text,Data do preenchimento no REDCap,,,datetime_dmy,,,,,,,,,,@NOW-SERVER @READONLY
respondente_9,eq5d5l_questionario_saude,,radio,Respondente,"1, Entrevistador | 2, Autoadministrado",,,,,,,y,,,,,
questionnaire_date_9,eq5d5l_questionario_saude,CRF IX: Questionário de Saúde EQ-5D-5L,text,Data de aplicação do questionário,,Formato: dd-mm-aaaa,date_dmy,,,,,,,,,,
mobility,eq5d5l_questionario_saude,,radio,Mobilidade (como está hoje?),"1, Sem problemas | 2, Problemas ligeiros | 3, Problemas moderados | 4, Problemas graves | 5, Incapaz",,,,,,,,,,,,
self_care,eq5d5l_questionario_saude,,radio,Cuidados Pessoais (como está hoje?),"1, Sem problemas | 2, Problemas ligeiros | 3, Problemas moderados | 4, Problemas graves | 5, Incapaz",,,,,,,,,,,,
usual_activities,eq5d5l_questionario_saude,,radio,Atividades habituais (como está hoje?),"1, Sem problemas | 2, Problemas ligeiros | 3, Problemas moderados | 4, Problemas graves | 5, Incapaz",,,,,,,,,,,,
pain_discomfort,eq5d5l_questionario_saude,,radio,Dores ou mal-estar (como está hoje?),"1, Sem problemas | 2, Problemas ligeiros | 3, Problemas moderados | 4, Problemas graves | 5, Incapaz",,,,,,,,,,,,
anxiety_depression,eq5d5l_questionario_saude,,radio,Ansiedade ou Depressão (como está hoje?),"1, Sem problemas | 2, Problemas ligeiros | 3, Problemas moderados | 4, Problemas graves | 5, Incapaz",,,,,,,,,,,,
vas_health_today,eq5d5l_questionario_saude,EQ-5D VAS,slider,"Saúde do inquirido hoje (0 = pior saúde imaginável, 100 = melhor saúde imaginável)",0 | 50 | 100,Pontuação de 0 a 100,number,,,,,,RH,,,,
comments_9,eq5d5l_questionario_saude,,notes,Comentários,,,,,,,,,LH,,,,
info_part_code_10,utilizacao_tecnologias,,descriptive,"<div class=""rich-text-field-label""><p>CÓDIGO DO PARTICIPANTE: <span style=""font-weight: normal;"">[participant_code_estudo]</span></p></div>",,,,,,,,,,,,,
resp_preench_10,utilizacao_tecnologias,,text,Responsável pelo preenchimento no REDCap,,,,,,,,,,,,,@USERNAME @READONLY
data_preench_10,utilizacao_tecnologias,,text,Data do preenchimento no REDCap,,,datetime_dmy,,,,,,,,,,@NOW-SERVER @READONLY
crf10_description,utilizacao_tecnologias,,descriptive,"<div class=""rich-text-field-label""><p> </p> <div style=""background-color: #f0f8ff; padding: 12px; border-left: 5px solid #2a7ae2; font-size: 14px;""><strong>Instruções:</strong> <br><br>A responder por participantes dos Grupos C e D.</div> <p> </p></div>",,,,,,,,,,,,,
questionnaire_date_10,utilizacao_tecnologias,CRF X: Utilização de Tecnologias,text,Data de aplicaçao do questionário,,Formato: dd-mm-aaaa,date_dmy,,,,,,,,,,
uses_notification_apps,utilizacao_tecnologias,,radio,Costuma usar aplicações com lembretes na barra de notificações?,"0, Não | 1, Sim",,,,,,,,,,,,
finds_reminders_useful,utilizacao_tecnologias,,radio,Acha os lembretes úteis?,"0, Não | 1, Sim",,,,,,,,,,,,
used_health_fitness_apps,utilizacao_tecnologias,,radio,Já fez o download e usou aplicações móveis de saúde e fitness?,"0, Não | 1, Sim",,,,,,,,,,,,
wants_alert_system,utilizacao_tecnologias,,radio,Acha útil um sistema que lhe envie alertas e atualizações sobre o estado da pessoa que acompanha?,"0, Não | 1, Sim",,,,,,,,,,,,
comments_10,utilizacao_tecnologias,,notes,Comentários,,,,,,,,,LH,,,,
